eye,male_hex1,male_hex2,male_column_region,angular_span_deg
L,1,7,boundary,
L,1,8,boundary,
L,1,10,boundary,
L,2,6,boundary,
L,2,7,boundary,
L,2,8,interior,
L,2,9,boundary,
L,2,10,boundary,
L,2,11,boundary,
L,2,12,boundary,
L,2,13,boundary,
L,3,5,boundary,
L,3,6,boundary,6.267975
L,3,7,interior,6.428804
L,3,8,interior,5.995511
L,3,9,interior,5.426048
L,3,10,interior,5.776887
L,3,11,interior,6.272324
L,3,12,interior,5.607475
L,3,13,interior,
L,3,14,boundary,
L,3,15,boundary,
L,4,3,boundary,
L,4,4,boundary,6.094572
L,4,5,boundary,5.428901
L,4,6,interior,5.970313
L,4,7,interior,6.233813
L,4,8,interior,6.388921
L,4,9,interior,6.301891
L,4,10,interior,6.161045
L,4,11,interior,5.917346
L,4,12,interior,6.018407
L,4,13,interior,6.823207
L,4,14,interior,7.213104
L,4,15,interior,6.322915
L,4,16,boundary,
L,4,17,boundary,
L,4,18,boundary,
L,5,2,boundary,
L,5,3,boundary,6.514803
L,5,4,interior,6.312783
L,5,5,interior,6.129203
L,5,6,interior,6.279734
L,5,7,interior,6.543253
L,5,8,interior,6.704259
L,5,9,interior,6.763302
L,5,10,interior,6.514665
L,5,11,interior,5.943637
L,5,12,interior,5.794771
L,5,13,interior,6.431019
L,5,14,interior,7.026898
L,5,15,interior,7.121018
L,5,16,interior,8.959052
L,5,17,interior,7.109462
L,5,18,interior,6.137048
L,5,19,boundary,
L,5,20,boundary,
L,6,1,boundary,
L,6,2,boundary,
L,6,3,interior,7.230899
L,6,4,interior,6.473946
L,6,5,interior,6.441106
L,6,6,interior,6.289587
L,6,7,interior,6.192084
L,6,8,interior,6.272026
L,6,9,interior,6.440792
L,6,10,interior,6.344326
L,6,11,interior,6.525795
L,6,12,interior,6.412828
L,6,13,interior,6.495497
L,6,14,interior,6.919674
L,6,15,interior,7.209124
L,6,16,interior,7.508663
L,6,17,interior,8.076848
L,6,18,interior,7.569995
L,6,19,interior,7.707130
L,6,20,interior,6.482345
L,6,21,boundary,
L,6,22,boundary,
L,7,1,boundary,
L,7,2,interior,7.874565
L,7,3,interior,5.604015
L,7,4,interior,5.972534
L,7,5,interior,5.728399
L,7,6,interior,5.919969
L,7,7,interior,5.991309
L,7,8,interior,5.910755
L,7,9,interior,6.060364
L,7,10,interior,6.086806
L,7,11,interior,6.066659
L,7,12,interior,6.290433
L,7,13,interior,6.567914
L,7,14,interior,6.806627
L,7,15,interior,7.242347
L,7,16,interior,7.647651
L,7,17,interior,7.438792
L,7,18,interior,7.872352
L,7,19,interior,7.730367
L,7,20,interior,7.692311
L,7,21,interior,7.814725
L,7,22,interior,6.034840
L,7,23,boundary,
L,7,24,boundary,
L,8,1,boundary,
L,8,2,interior,7.667175
L,8,3,interior,6.455283
L,8,4,interior,5.594744
L,8,5,interior,5.418233
L,8,6,interior,5.714918
L,8,7,interior,5.532006
L,8,8,interior,5.670947
L,8,9,interior,6.055202
L,8,10,interior,5.999160
L,8,11,interior,5.484593
L,8,12,interior,6.020367
L,8,13,interior,6.115979
L,8,14,interior,6.212960
L,8,15,interior,6.447686
L,8,16,interior,6.837292
L,8,17,interior,7.207338
L,8,18,interior,7.400939
L,8,19,interior,7.675636
L,8,20,interior,7.846107
L,8,21,interior,7.905112
L,8,22,interior,7.869406
L,8,23,interior,8.177413
L,8,24,interior,7.835660
L,8,25,boundary,
L,8,26,boundary,
L,9,1,boundary,
L,9,2,interior,7.345810
L,9,3,interior,6.757784
L,9,4,interior,6.210887
L,9,5,interior,5.506101
L,9,6,interior,5.906030
L,9,7,interior,5.792892
L,9,8,interior,5.669667
L,9,9,interior,6.183383
L,9,10,interior,6.159147
L,9,11,interior,5.515902
L,9,12,interior,5.817840
L,9,13,interior,5.974404
L,9,14,interior,5.954778
L,9,15,interior,5.864647
L,9,16,interior,6.079616
L,9,17,interior,6.819570
L,9,18,interior,6.705657
L,9,19,interior,7.207949
L,9,20,interior,7.551480
L,9,21,interior,7.898300
L,9,22,interior,7.765344
L,9,23,interior,7.977376
L,9,24,interior,8.094192
L,9,25,interior,9.290386
L,9,26,interior,9.718118
L,9,27,boundary,
L,9,28,boundary,
L,10,1,boundary,
L,10,2,interior,6.245118
L,10,3,interior,5.975913
L,10,4,interior,5.726891
L,10,5,interior,5.233179
L,10,6,interior,5.863290
L,10,7,interior,5.968468
L,10,8,interior,5.666291
L,10,9,interior,6.162375
L,10,10,interior,6.106042
L,10,11,interior,5.618713
L,10,12,interior,5.539558
L,10,13,interior,5.785065
L,10,14,interior,5.966573
L,10,15,interior,5.916202
L,10,16,interior,5.927126
L,10,17,interior,6.005922
L,10,18,interior,6.599857
L,10,19,interior,6.524558
L,10,20,interior,7.190617
L,10,21,interior,7.565687
L,10,22,interior,7.866033
L,10,23,interior,7.710351
L,10,24,interior,7.875604
L,10,25,interior,8.356349
L,10,26,interior,9.193448
L,10,27,interior,9.528564
L,10,28,interior,8.676140
L,10,29,boundary,
L,11,1,boundary,
L,11,2,interior,5.528174
L,11,3,interior,5.415981
L,11,4,interior,5.497904
L,11,5,interior,5.193849
L,11,6,interior,5.640963
L,11,7,interior,5.654850
L,11,8,interior,5.193774
L,11,9,interior,5.598547
L,11,10,interior,5.718592
L,11,11,interior,5.378701
L,11,12,interior,5.540326
L,11,13,interior,5.717840
L,11,14,interior,5.669175
L,11,15,interior,5.913080
L,11,16,interior,6.016340
L,11,17,interior,6.164871
L,11,18,interior,6.031908
L,11,19,interior,5.967347
L,11,20,interior,5.962314
L,11,21,interior,6.291331
L,11,22,interior,6.683081
L,11,23,interior,7.133183
L,11,24,interior,7.200299
L,11,25,interior,7.462200
L,11,26,interior,7.669100
L,11,27,interior,8.522138
L,11,28,interior,8.929123
L,11,29,interior,9.123713
L,11,30,boundary,
L,12,1,boundary,
L,12,2,interior,5.684880
L,12,3,interior,5.274304
L,12,4,interior,5.395794
L,12,5,interior,5.012742
L,12,6,interior,5.002475
L,12,7,interior,5.259606
L,12,8,interior,4.940483
L,12,9,interior,5.062666
L,12,10,interior,5.227367
L,12,11,interior,5.241036
L,12,12,interior,5.413775
L,12,13,interior,5.610621
L,12,14,interior,5.767415
L,12,15,interior,5.821897
L,12,16,interior,5.696310
L,12,17,interior,5.745624
L,12,18,interior,6.148370
L,12,19,interior,6.384616
L,12,20,interior,6.057314
L,12,21,interior,6.140873
L,12,22,interior,6.107371
L,12,23,interior,6.077017
L,12,24,interior,6.612801
L,12,25,interior,6.931530
L,12,26,interior,7.517303
L,12,27,interior,7.700851
L,12,28,interior,8.370070
L,12,29,interior,9.131027
L,12,30,interior,10.452176
L,12,31,boundary,
L,13,1,boundary,
L,13,2,interior,5.709678
L,13,3,interior,5.249828
L,13,4,interior,5.222841
L,13,5,interior,4.884194
L,13,6,interior,5.076714
L,13,7,interior,5.252230
L,13,8,interior,4.869585
L,13,9,interior,4.869045
L,13,10,interior,5.284522
L,13,11,interior,5.045668
L,13,12,interior,5.057670
L,13,13,interior,5.126631
L,13,14,interior,5.276237
L,13,15,interior,5.676135
L,13,16,interior,5.856480
L,13,17,interior,5.552873
L,13,18,interior,5.651876
L,13,19,interior,6.139534
L,13,20,interior,6.039188
L,13,21,interior,5.876999
L,13,22,interior,6.100228
L,13,23,interior,5.941114
L,13,24,interior,6.002182
L,13,25,interior,6.034885
L,13,26,interior,6.297651
L,13,27,interior,7.196501
L,13,28,interior,7.588669
L,13,29,interior,8.123571
L,13,30,interior,8.927430
L,13,31,interior,11.096473
L,13,32,boundary,
L,14,2,boundary,
L,14,3,interior,5.087117
L,14,4,interior,4.883830
L,14,5,interior,4.857799
L,14,6,interior,5.173321
L,14,7,interior,5.197525
L,14,8,interior,4.926269
L,14,9,interior,4.888521
L,14,10,interior,5.629752
L,14,11,interior,5.197329
L,14,12,interior,5.089208
L,14,13,interior,4.978035
L,14,14,interior,4.686314
L,14,15,interior,4.962080
L,14,16,interior,5.629187
L,14,17,interior,5.913914
L,14,18,interior,5.334882
L,14,19,interior,5.231601
L,14,20,interior,5.552651
L,14,21,interior,5.653247
L,14,22,interior,5.933872
L,14,23,interior,6.205984
L,14,24,interior,5.861754
L,14,25,interior,5.552185
L,14,26,interior,5.140781
L,14,27,interior,5.532766
L,14,28,interior,6.308196
L,14,29,interior,6.869644
L,14,30,interior,7.817137
L,14,31,interior,9.299678
L,14,32,boundary,11.226242
L,15,2,boundary,
L,15,3,interior,5.726723
L,15,4,interior,4.766434
L,15,5,interior,4.551885
L,15,6,interior,4.842641
L,15,7,interior,4.876697
L,15,8,interior,4.870572
L,15,9,interior,4.833114
L,15,10,interior,5.174578
L,15,11,interior,4.800605
L,15,12,interior,4.724273
L,15,13,interior,4.911582
L,15,14,interior,4.626441
L,15,15,interior,4.758285
L,15,16,interior,4.759167
L,15,17,interior,4.995146
L,15,18,interior,5.229431
L,15,19,interior,5.216880
L,15,20,interior,5.261438
L,15,21,interior,5.419499
L,15,22,interior,5.462582
L,15,23,interior,5.698966
L,15,24,interior,5.542421
L,15,25,interior,5.335063
L,15,26,interior,5.352283
L,15,27,interior,5.422432
L,15,28,interior,5.514841
L,15,29,interior,6.021101
L,15,30,interior,6.385078
L,15,31,interior,7.404114
L,15,32,interior,9.633913
L,15,33,boundary,
L,16,3,boundary,
L,16,4,interior,5.044536
L,16,5,interior,4.688327
L,16,6,interior,4.651682
L,16,7,interior,4.599242
L,16,8,interior,4.889981
L,16,9,interior,4.913647
L,16,10,interior,4.741726
L,16,11,interior,4.509442
L,16,12,interior,4.416943
L,16,13,interior,4.742257
L,16,14,interior,4.503935
L,16,15,interior,4.418356
L,16,16,interior,5.013234
L,16,17,interior,4.702377
L,16,18,interior,4.950305
L,16,19,interior,5.315544
L,16,20,interior,5.359397
L,16,21,interior,5.346333
L,16,22,interior,5.139541
L,16,23,interior,4.828499
L,16,24,interior,5.468424
L,16,25,interior,5.627498
L,16,26,interior,5.376256
L,16,27,interior,5.372151
L,16,28,interior,5.492886
L,16,29,interior,5.540874
L,16,30,interior,6.070065
L,16,31,interior,6.941651
L,16,32,interior,8.101133
L,16,33,boundary,11.125704
L,17,3,boundary,
L,17,4,interior,5.549207
L,17,5,interior,5.089290
L,17,6,interior,4.427611
L,17,7,interior,4.416101
L,17,8,interior,4.718473
L,17,9,interior,5.002802
L,17,10,interior,4.514700
L,17,11,interior,4.302558
L,17,12,interior,4.073094
L,17,13,interior,4.543811
L,17,14,interior,4.809374
L,17,15,interior,4.586384
L,17,16,interior,4.608808
L,17,17,interior,5.026768
L,17,18,interior,4.656995
L,17,19,interior,4.939533
L,17,20,interior,5.045879
L,17,21,interior,4.935505
L,17,22,interior,4.608816
L,17,23,interior,4.842042
L,17,24,interior,5.104352
L,17,25,interior,5.605761
L,17,26,interior,5.366579
L,17,27,interior,5.403382
L,17,28,interior,5.573315
L,17,29,interior,5.253475
L,17,30,interior,5.783294
L,17,31,interior,6.662219
L,17,32,interior,7.201276
L,17,33,boundary,8.660940
L,18,4,boundary,
L,18,5,interior,6.632145
L,18,6,interior,5.014753
L,18,7,interior,4.186865
L,18,8,interior,4.326293
L,18,9,interior,4.690753
L,18,10,interior,4.736596
L,18,11,interior,4.462366
L,18,12,interior,4.388818
L,18,13,interior,4.235390
L,18,14,interior,4.521233
L,18,15,interior,4.880806
L,18,16,interior,4.802103
L,18,17,interior,5.173818
L,18,18,interior,5.222589
L,18,19,interior,4.642715
L,18,20,interior,4.755562
L,18,21,interior,4.533830
L,18,22,interior,4.683710
L,18,23,interior,4.725224
L,18,24,interior,5.096012
L,18,25,interior,5.262695
L,18,26,interior,5.378589
L,18,27,interior,5.423835
L,18,28,interior,5.668483
L,18,29,interior,5.336421
L,18,30,interior,5.055860
L,18,31,interior,6.442590
L,18,32,interior,7.274355
L,18,33,interior,7.901997
L,18,34,boundary,8.695800
L,19,4,boundary,
L,19,5,interior,
L,19,6,interior,5.259891
L,19,7,interior,4.589362
L,19,8,interior,4.222223
L,19,9,interior,4.464620
L,19,10,interior,4.486659
L,19,11,interior,4.627954
L,19,12,interior,4.724483
L,19,13,interior,4.445427
L,19,14,interior,4.363268
L,19,15,interior,4.327775
L,19,16,interior,4.387589
L,19,17,interior,4.564189
L,19,18,interior,4.649035
L,19,19,interior,4.728230
L,19,20,interior,4.351330
L,19,21,interior,4.854807
L,19,22,interior,4.740405
L,19,23,interior,4.598524
L,19,24,interior,4.798217
L,19,25,interior,5.047557
L,19,26,interior,5.310900
L,19,27,interior,5.422820
L,19,28,interior,5.781608
L,19,29,interior,5.581996
L,19,30,interior,5.133736
L,19,31,interior,5.533349
L,19,32,interior,6.971634
L,19,33,interior,7.474000
L,19,34,boundary,8.479036
L,20,5,boundary,
L,20,6,interior,5.865895
L,20,7,interior,5.256721
L,20,8,interior,4.265295
L,20,9,interior,4.494894
L,20,10,interior,4.386491
L,20,11,interior,4.564337
L,20,12,interior,4.552288
L,20,13,interior,4.573355
L,20,14,interior,4.533147
L,20,15,interior,4.230659
L,20,16,interior,4.041503
L,20,17,interior,3.854131
L,20,18,interior,4.255574
L,20,19,interior,4.304608
L,20,20,interior,4.236085
L,20,21,interior,4.869872
L,20,22,interior,5.033314
L,20,23,interior,4.837305
L,20,24,interior,4.735963
L,20,25,interior,5.019311
L,20,26,interior,5.144427
L,20,27,interior,5.205218
L,20,28,interior,5.750235
L,20,29,interior,5.862936
L,20,30,interior,5.757562
L,20,31,interior,5.430036
L,20,32,interior,5.920925
L,20,33,interior,6.844967
L,20,34,interior,7.672651
L,20,35,boundary,8.839428
L,21,6,boundary,
L,21,7,interior,5.625439
L,21,8,interior,4.659258
L,21,9,interior,4.346176
L,21,10,interior,4.542937
L,21,11,interior,4.368859
L,21,12,interior,4.563581
L,21,13,interior,4.652827
L,21,14,interior,4.571917
L,21,15,interior,4.589245
L,21,16,interior,4.383588
L,21,17,interior,3.739921
L,21,18,interior,4.148083
L,21,19,interior,4.209239
L,21,20,interior,4.517856
L,21,21,interior,4.648426
L,21,22,interior,4.901957
L,21,23,interior,4.985280
L,21,24,interior,5.086008
L,21,25,interior,4.797647
L,21,26,interior,4.990157
L,21,27,interior,5.010806
L,21,28,interior,5.319431
L,21,29,interior,5.810138
L,21,30,interior,5.813476
L,21,31,interior,5.983675
L,21,32,interior,5.610462
L,21,33,interior,6.159111
L,21,34,interior,6.982146
L,21,35,interior,8.262983
L,21,36,boundary,
L,22,7,boundary,
L,22,8,interior,5.288009
L,22,9,interior,5.015505
L,22,10,interior,4.555857
L,22,11,interior,4.439133
L,22,12,interior,4.469293
L,22,13,interior,5.022872
L,22,14,interior,4.285665
L,22,15,interior,4.104317
L,22,16,interior,4.332838
L,22,17,interior,4.070106
L,22,18,interior,4.077109
L,22,19,interior,4.136751
L,22,20,interior,4.540384
L,22,21,interior,4.466876
L,22,22,interior,4.625048
L,22,23,interior,4.718109
L,22,24,interior,4.802471
L,22,25,interior,4.992898
L,22,26,interior,4.910014
L,22,27,interior,5.066691
L,22,28,interior,5.170608
L,22,29,interior,5.717402
L,22,30,interior,5.707020
L,22,31,interior,5.933374
L,22,32,interior,6.054473
L,22,33,interior,5.734996
L,22,34,interior,6.025999
L,22,35,interior,6.562926
L,22,36,boundary,7.150181
L,23,8,boundary,
L,23,9,interior,7.044748
L,23,10,interior,4.960164
L,23,11,interior,4.237260
L,23,12,interior,4.047783
L,23,13,interior,4.385585
L,23,14,interior,4.631113
L,23,15,interior,4.107527
L,23,16,interior,4.417941
L,23,17,interior,4.555636
L,23,18,interior,4.346467
L,23,19,interior,4.422651
L,23,20,interior,4.668070
L,23,21,interior,4.464822
L,23,22,interior,4.297411
L,23,23,interior,4.755895
L,23,24,interior,4.446004
L,23,25,interior,4.423175
L,23,26,interior,4.769002
L,23,27,interior,5.098536
L,23,28,interior,5.119794
L,23,29,interior,5.416898
L,23,30,interior,5.701004
L,23,31,interior,5.850288
L,23,32,interior,5.923608
L,23,33,interior,5.998863
L,23,34,interior,5.517322
L,23,35,interior,6.143619
L,23,36,interior,7.062505
L,23,37,boundary,
L,24,9,boundary,
L,24,10,interior,4.378430
L,24,11,interior,4.684329
L,24,12,interior,3.732987
L,24,13,interior,4.168766
L,24,14,interior,4.627169
L,24,15,interior,4.782289
L,24,16,interior,4.297811
L,24,17,interior,4.771426
L,24,18,interior,4.441181
L,24,19,interior,4.459057
L,24,20,interior,4.532484
L,24,21,interior,4.467894
L,24,22,interior,4.462580
L,24,23,interior,4.841361
L,24,24,interior,4.755631
L,24,25,interior,4.629110
L,24,26,interior,4.824367
L,24,27,interior,5.079921
L,24,28,interior,5.444242
L,24,29,interior,5.533327
L,24,30,interior,5.362327
L,24,31,interior,5.533870
L,24,32,interior,6.037644
L,24,33,interior,6.033356
L,24,34,interior,5.544496
L,24,35,interior,5.936883
L,24,36,interior,6.518212
L,24,37,boundary,7.664619
L,25,10,boundary,
L,25,11,interior,5.792481
L,25,12,interior,4.306497
L,25,13,interior,3.570868
L,25,14,interior,4.738484
L,25,15,interior,5.186125
L,25,16,interior,4.743066
L,25,17,interior,4.475424
L,25,18,interior,4.481455
L,25,19,interior,4.345988
L,25,20,interior,4.291261
L,25,21,interior,4.358952
L,25,22,interior,4.618053
L,25,23,interior,4.976190
L,25,24,interior,4.890256
L,25,25,interior,4.853090
L,25,26,interior,5.111252
L,25,27,interior,5.502337
L,25,28,interior,5.680613
L,25,29,interior,5.646657
L,25,30,interior,5.356668
L,25,31,interior,5.275921
L,25,32,interior,5.609199
L,25,33,interior,6.148418
L,25,34,interior,5.628775
L,25,35,interior,5.621115
L,25,36,interior,6.266478
L,25,37,interior,7.223551
L,25,38,boundary,
L,26,11,boundary,
L,26,12,interior,5.138539
L,26,13,interior,3.984740
L,26,14,interior,4.470730
L,26,15,interior,5.042043
L,26,16,interior,4.698631
L,26,17,interior,4.940986
L,26,18,interior,4.517830
L,26,19,interior,4.676769
L,26,20,interior,4.739863
L,26,21,interior,4.570247
L,26,22,interior,4.737530
L,26,23,interior,5.103497
L,26,24,interior,5.222802
L,26,25,interior,5.049062
L,26,26,interior,5.167257
L,26,27,interior,5.485744
L,26,28,interior,5.599273
L,26,29,interior,5.424413
L,26,30,interior,5.209791
L,26,31,interior,5.580565
L,26,32,interior,5.925997
L,26,33,interior,6.110347
L,26,34,interior,5.464974
L,26,35,interior,5.486017
L,26,36,interior,6.057314
L,26,37,interior,6.857151
L,26,38,boundary,6.959700
L,27,12,boundary,
L,27,13,interior,4.566225
L,27,14,interior,4.551013
L,27,15,interior,4.811440
L,27,16,interior,4.395188
L,27,17,interior,4.506184
L,27,18,interior,4.922220
L,27,19,interior,4.628833
L,27,20,interior,4.683338
L,27,21,interior,4.684558
L,27,22,interior,4.698234
L,27,23,interior,4.700506
L,27,24,interior,4.853820
L,27,25,interior,4.920638
L,27,26,interior,5.008562
L,27,27,interior,5.073624
L,27,28,interior,4.901678
L,27,29,interior,4.770781
L,27,30,interior,5.073832
L,27,31,interior,5.452954
L,27,32,interior,5.444068
L,27,33,interior,5.561550
L,27,34,interior,5.530288
L,27,35,interior,5.114076
L,27,36,interior,5.885995
L,27,37,interior,6.973452
L,27,38,interior,7.468782
L,27,39,boundary,
L,28,13,boundary,
L,28,14,interior,4.192046
L,28,15,interior,4.829187
L,28,16,interior,4.786860
L,28,17,interior,4.212466
L,28,18,interior,4.372181
L,28,19,interior,4.442758
L,28,20,interior,4.783793
L,28,21,interior,4.710004
L,28,22,interior,4.170532
L,28,23,interior,4.597476
L,28,24,interior,5.036136
L,28,25,interior,4.827916
L,28,26,interior,4.729014
L,28,27,interior,4.792142
L,28,28,interior,4.475111
L,28,29,interior,4.401227
L,28,30,interior,4.933498
L,28,31,interior,5.381195
L,28,32,interior,5.440478
L,28,33,interior,5.310424
L,28,34,interior,5.730435
L,28,35,interior,5.700545
L,28,36,interior,5.900423
L,28,37,interior,6.640236
L,28,38,interior,6.497513
L,28,39,boundary,
L,29,14,boundary,
L,29,15,interior,5.150806
L,29,16,interior,5.074799
L,29,17,interior,4.738195
L,29,18,interior,4.106921
L,29,19,interior,4.230447
L,29,20,interior,4.335322
L,29,21,interior,4.847550
L,29,22,interior,4.147971
L,29,23,interior,4.243684
L,29,24,interior,4.875433
L,29,25,interior,4.908875
L,29,26,interior,4.500846
L,29,27,interior,4.704289
L,29,28,interior,4.785047
L,29,29,interior,4.894528
L,29,30,interior,5.101983
L,29,31,interior,5.379224
L,29,32,interior,5.317268
L,29,33,interior,5.015489
L,29,34,interior,5.415909
L,29,35,interior,6.084114
L,29,36,interior,6.014964
L,29,37,interior,6.560762
L,29,38,interior,7.033203
L,29,39,boundary,
L,30,15,boundary,
L,30,16,interior,5.206154
L,30,17,interior,5.116027
L,30,18,interior,4.132824
L,30,19,interior,3.925545
L,30,20,interior,3.976931
L,30,21,interior,4.469987
L,30,22,interior,4.451825
L,30,23,interior,4.400672
L,30,24,interior,4.808224
L,30,25,interior,4.988265
L,30,26,interior,4.820876
L,30,27,interior,4.836657
L,30,28,interior,4.662969
L,30,29,interior,4.720894
L,30,30,interior,5.093167
L,30,31,interior,5.387564
L,30,32,interior,5.392914
L,30,33,interior,5.063165
L,30,34,interior,5.290635
L,30,35,interior,5.815144
L,30,36,interior,6.179943
L,30,37,interior,6.313532
L,30,38,boundary,4.821332
L,30,39,boundary,
L,31,16,boundary,
L,31,17,boundary,6.023678
L,31,18,interior,3.814506
L,31,19,interior,4.057022
L,31,20,interior,3.659625
L,31,21,interior,4.020568
L,31,22,interior,4.422596
L,31,23,interior,4.648997
L,31,24,interior,4.860399
L,31,25,interior,5.067051
L,31,26,interior,4.877687
L,31,27,interior,4.599317
L,31,28,interior,4.567779
L,31,29,interior,4.644878
L,31,30,interior,4.608384
L,31,31,interior,5.051279
L,31,32,interior,5.328197
L,31,33,interior,5.517747
L,31,34,interior,5.690124
L,31,35,interior,6.360234
L,31,36,interior,6.762959
L,31,37,interior,6.507262
L,31,38,boundary,6.433838
L,32,18,boundary,
L,32,19,interior,5.255936
L,32,20,interior,3.971837
L,32,21,interior,4.061862
L,32,22,interior,4.366619
L,32,23,interior,4.728846
L,32,24,interior,4.775026
L,32,25,interior,4.637402
L,32,26,interior,4.737272
L,32,27,interior,4.404909
L,32,28,interior,4.268905
L,32,29,interior,4.614577
L,32,30,interior,4.584523
L,32,31,interior,4.703403
L,32,32,interior,5.293984
L,32,33,interior,5.689128
L,32,34,interior,5.867189
L,32,35,interior,6.794911
L,32,36,interior,7.055536
L,32,37,boundary,6.362477
L,32,38,boundary,6.621014
L,33,19,boundary,
L,33,20,boundary,
L,33,21,boundary,5.020346
L,33,22,interior,5.042086
L,33,23,interior,4.653258
L,33,24,interior,4.961085
L,33,25,interior,4.848970
L,33,26,interior,4.925110
L,33,27,interior,4.627760
L,33,28,interior,4.549459
L,33,29,interior,4.899327
L,33,30,interior,5.020040
L,33,31,interior,4.915820
L,33,32,interior,5.638079
L,33,33,interior,5.961285
L,33,34,interior,6.302419
L,33,35,interior,7.547347
L,33,36,interior,7.610750
L,33,37,boundary,7.150389
L,34,22,boundary,
L,34,23,boundary,5.010270
L,34,24,interior,5.548987
L,34,25,interior,5.030195
L,34,26,interior,5.239995
L,34,27,interior,5.186024
L,34,28,interior,5.026424
L,34,29,interior,5.276795
L,34,30,interior,5.553702
L,34,31,interior,5.344164
L,34,32,interior,5.916019
L,34,33,interior,6.525894
L,34,34,interior,7.107051
L,34,35,interior,7.986397
L,34,36,boundary,9.085801
L,34,37,boundary,7.182959
L,35,24,boundary,
L,35,25,boundary,
L,35,26,boundary,5.929726
L,35,27,interior,5.514535
L,35,28,interior,5.004813
L,35,29,interior,5.338334
L,35,30,interior,5.549756
L,35,31,interior,5.249850
L,35,32,interior,5.781686
L,35,33,interior,6.685441
L,35,34,boundary,7.270408
L,35,35,boundary,8.459629
L,35,36,boundary,6.892451
L,36,27,boundary,
L,36,28,boundary,5.752694
L,36,29,boundary,5.793188
L,36,30,boundary,5.593759
L,36,31,boundary,5.561507
L,36,32,boundary,5.383994
L,36,33,boundary,5.567864
L,36,34,boundary,7.032059
R,1,7,boundary,
R,1,8,boundary,
R,1,10,boundary,
R,2,5,boundary,
R,2,6,boundary,
R,2,7,boundary,
R,2,8,interior,
R,2,9,boundary,
R,2,10,boundary,
R,2,11,boundary,
R,2,12,boundary,
R,2,13,boundary,
R,3,4,boundary,
R,3,5,boundary,
R,3,6,interior,
R,3,7,interior,
R,3,8,interior,6.668596
R,3,9,interior,6.202709
R,3,10,interior,6.271778
R,3,11,interior,5.396041
R,3,12,interior,
R,3,13,interior,
R,3,14,boundary,
R,3,15,boundary,
R,4,3,boundary,
R,4,4,boundary,
R,4,5,interior,
R,4,6,interior,6.925819
R,4,7,interior,7.415512
R,4,8,interior,6.756388
R,4,9,interior,6.399799
R,4,10,interior,6.551068
R,4,11,interior,5.906606
R,4,12,interior,5.938339
R,4,13,interior,7.361857
R,4,14,interior,6.319036
R,4,15,interior,5.563783
R,4,16,boundary,
R,4,17,boundary,
R,4,18,boundary,
R,5,2,boundary,
R,5,3,boundary,
R,5,4,interior,
R,5,5,interior,7.156186
R,5,6,interior,6.059850
R,5,7,interior,6.984370
R,5,8,interior,7.240631
R,5,9,interior,6.856811
R,5,10,interior,6.512145
R,5,11,interior,5.863704
R,5,12,interior,6.064908
R,5,13,interior,6.290235
R,5,14,interior,6.540874
R,5,15,interior,6.512904
R,5,16,interior,7.919093
R,5,17,interior,7.509368
R,5,18,interior,5.337838
R,5,19,boundary,
R,5,20,boundary,
R,6,1,boundary,
R,6,2,boundary,
R,6,3,interior,
R,6,4,interior,8.173127
R,6,5,interior,7.133944
R,6,6,interior,6.688879
R,6,7,interior,6.615760
R,6,8,interior,6.985325
R,6,9,interior,6.835853
R,6,10,interior,6.366399
R,6,11,interior,6.375265
R,6,12,interior,6.450342
R,6,13,interior,6.575032
R,6,14,interior,6.556978
R,6,15,interior,6.461359
R,6,16,interior,6.972760
R,6,17,interior,7.600174
R,6,18,interior,7.026102
R,6,19,interior,6.843513
R,6,20,interior,7.119866
R,6,21,boundary,
R,6,22,boundary,
R,7,1,boundary,
R,7,2,interior,
R,7,3,interior,
R,7,4,interior,9.691152
R,7,5,interior,7.124599
R,7,6,interior,6.823355
R,7,7,interior,6.800105
R,7,8,interior,6.966740
R,7,9,interior,6.947799
R,7,10,interior,6.678062
R,7,11,interior,6.657012
R,7,12,interior,6.730217
R,7,13,interior,6.939124
R,7,14,interior,7.148584
R,7,15,interior,7.158373
R,7,16,interior,6.856405
R,7,17,interior,7.365474
R,7,18,interior,7.828112
R,7,19,interior,7.760246
R,7,20,interior,7.367118
R,7,21,interior,8.515685
R,7,22,interior,5.882633
R,7,23,boundary,
R,7,24,boundary,
R,8,1,boundary,
R,8,2,interior,
R,8,3,interior,10.025598
R,8,4,interior,6.945842
R,8,5,interior,7.092336
R,8,6,interior,6.760240
R,8,7,interior,6.763025
R,8,8,interior,6.318255
R,8,9,interior,6.448553
R,8,10,interior,6.559380
R,8,11,interior,6.403487
R,8,12,interior,6.106217
R,8,13,interior,6.571403
R,8,14,interior,6.730431
R,8,15,interior,7.206543
R,8,16,interior,7.306532
R,8,17,interior,7.061775
R,8,18,interior,7.383128
R,8,19,interior,8.007073
R,8,20,interior,8.185164
R,8,21,interior,7.810355
R,8,22,interior,7.457392
R,8,23,interior,7.344452
R,8,24,interior,9.889563
R,8,25,boundary,
R,8,26,boundary,
R,9,1,boundary,
R,9,2,interior,
R,9,3,interior,8.325364
R,9,4,interior,7.604562
R,9,5,interior,6.782563
R,9,6,interior,6.694626
R,9,7,interior,6.530392
R,9,8,interior,5.961722
R,9,9,interior,5.747116
R,9,10,interior,5.823217
R,9,11,interior,5.682502
R,9,12,interior,5.657282
R,9,13,interior,5.844602
R,9,14,interior,6.264589
R,9,15,interior,6.339633
R,9,16,interior,6.657107
R,9,17,interior,6.707589
R,9,18,interior,6.690859
R,9,19,interior,7.219538
R,9,20,interior,7.883231
R,9,21,interior,8.271507
R,9,22,interior,8.125817
R,9,23,interior,7.799226
R,9,24,interior,8.476205
R,9,25,interior,9.945830
R,9,26,interior,10.626942
R,9,27,boundary,
R,9,28,boundary,
R,10,1,boundary,
R,10,2,interior,
R,10,3,interior,8.103890
R,10,4,interior,7.293557
R,10,5,interior,6.461131
R,10,6,interior,6.061318
R,10,7,interior,5.923088
R,10,8,interior,5.630713
R,10,9,interior,5.241768
R,10,10,interior,5.797227
R,10,11,interior,5.730369
R,10,12,interior,5.676567
R,10,13,interior,5.545458
R,10,14,interior,5.525826
R,10,15,interior,5.786629
R,10,16,interior,6.154932
R,10,17,interior,6.473114
R,10,18,interior,6.228839
R,10,19,interior,6.180090
R,10,20,interior,6.796809
R,10,21,interior,7.191912
R,10,22,interior,7.661271
R,10,23,interior,7.702911
R,10,24,interior,7.729056
R,10,25,interior,8.244078
R,10,26,interior,9.476844
R,10,27,interior,11.286465
R,10,28,interior,10.657226
R,10,29,boundary,
R,11,1,boundary,
R,11,2,interior,
R,11,3,interior,7.103917
R,11,4,interior,6.493162
R,11,5,interior,6.157208
R,11,6,interior,5.878454
R,11,7,interior,5.637319
R,11,8,interior,5.810180
R,11,9,interior,5.615541
R,11,10,interior,5.971859
R,11,11,interior,5.958249
R,11,12,interior,5.763084
R,11,13,interior,5.364183
R,11,14,interior,5.436013
R,11,15,interior,5.473881
R,11,16,interior,5.543726
R,11,17,interior,5.800031
R,11,18,interior,5.936396
R,11,19,interior,5.621367
R,11,20,interior,5.749364
R,11,21,interior,6.235769
R,11,22,interior,6.834493
R,11,23,interior,7.277965
R,11,24,interior,6.968084
R,11,25,interior,7.570499
R,11,26,interior,8.349364
R,11,27,interior,9.163495
R,11,28,interior,9.857510
R,11,29,interior,10.381144
R,11,30,boundary,
R,12,1,boundary,
R,12,2,interior,
R,12,3,interior,6.422664
R,12,4,interior,5.975091
R,12,5,interior,5.593751
R,12,6,interior,5.489525
R,12,7,interior,5.639121
R,12,8,interior,5.700180
R,12,9,interior,5.395524
R,12,10,interior,5.593105
R,12,11,interior,5.713688
R,12,12,interior,5.409400
R,12,13,interior,5.218780
R,12,14,interior,5.211607
R,12,15,interior,5.345870
R,12,16,interior,5.507820
R,12,17,interior,5.684236
R,12,18,interior,5.948740
R,12,19,interior,5.965360
R,12,20,interior,5.645615
R,12,21,interior,5.718242
R,12,22,interior,5.733122
R,12,23,interior,6.245697
R,12,24,interior,6.856469
R,12,25,interior,7.071700
R,12,26,interior,7.380839
R,12,27,interior,7.804297
R,12,28,interior,8.052430
R,12,29,interior,8.938623
R,12,30,interior,10.983265
R,12,31,boundary,
R,13,1,boundary,
R,13,2,interior,
R,13,3,interior,5.815781
R,13,4,interior,5.693471
R,13,5,interior,5.371648
R,13,6,interior,5.456787
R,13,7,interior,5.539086
R,13,8,interior,5.530749
R,13,9,interior,5.111927
R,13,10,interior,5.036353
R,13,11,interior,5.453155
R,13,12,interior,5.401162
R,13,13,interior,5.233363
R,13,14,interior,5.075978
R,13,15,interior,5.185619
R,13,16,interior,5.387976
R,13,17,interior,5.615653
R,13,18,interior,5.783018
R,13,19,interior,5.991323
R,13,20,interior,6.009430
R,13,21,interior,5.778070
R,13,22,interior,5.971181
R,13,23,interior,5.841730
R,13,24,interior,6.008893
R,13,25,interior,6.258920
R,13,26,interior,6.504679
R,13,27,interior,6.902502
R,13,28,interior,7.423525
R,13,29,interior,7.810681
R,13,30,interior,8.905114
R,13,31,interior,10.272104
R,13,32,boundary,
R,14,2,boundary,
R,14,3,interior,
R,14,4,interior,5.692577
R,14,5,interior,4.973561
R,14,6,interior,5.248826
R,14,7,interior,5.324633
R,14,8,interior,5.502917
R,14,9,interior,5.350539
R,14,10,interior,5.169912
R,14,11,interior,5.403007
R,14,12,interior,5.183299
R,14,13,interior,4.871215
R,14,14,interior,4.903696
R,14,15,interior,5.128483
R,14,16,interior,5.157785
R,14,17,interior,5.421418
R,14,18,interior,5.521821
R,14,19,interior,5.328671
R,14,20,interior,5.316203
R,14,21,interior,5.627277
R,14,22,interior,5.788620
R,14,23,interior,5.854169
R,14,24,interior,5.539779
R,14,25,interior,5.067030
R,14,26,interior,5.302634
R,14,27,interior,5.869247
R,14,28,interior,6.289186
R,14,29,interior,7.165199
R,14,30,interior,7.957076
R,14,31,interior,9.437510
R,14,32,boundary,9.611421
R,15,2,boundary,
R,15,3,interior,
R,15,4,interior,6.443564
R,15,5,interior,5.447237
R,15,6,interior,5.101220
R,15,7,interior,5.330427
R,15,8,interior,5.274773
R,15,9,interior,5.176976
R,15,10,interior,5.150643
R,15,11,interior,5.297389
R,15,12,interior,4.955987
R,15,13,interior,4.578239
R,15,14,interior,4.507473
R,15,15,interior,4.631027
R,15,16,interior,4.923635
R,15,17,interior,5.062985
R,15,18,interior,5.244683
R,15,19,interior,5.611848
R,15,20,interior,5.352317
R,15,21,interior,5.072942
R,15,22,interior,5.064056
R,15,23,interior,5.328887
R,15,24,interior,5.121013
R,15,25,interior,5.009792
R,15,26,interior,4.727289
R,15,27,interior,5.750584
R,15,28,interior,5.742179
R,15,29,interior,6.061779
R,15,30,interior,7.454678
R,15,31,interior,8.233542
R,15,32,interior,9.373063
R,15,33,boundary,
R,16,3,boundary,
R,16,4,interior,6.676053
R,16,5,interior,5.468427
R,16,6,interior,5.133963
R,16,7,interior,5.024312
R,16,8,interior,5.074121
R,16,9,interior,5.117801
R,16,10,interior,4.745178
R,16,11,interior,4.715301
R,16,12,interior,4.532384
R,16,13,interior,4.517051
R,16,14,interior,4.725354
R,16,15,interior,4.685004
R,16,16,interior,4.519838
R,16,17,interior,4.581953
R,16,18,interior,4.895217
R,16,19,interior,5.039536
R,16,20,interior,5.701529
R,16,21,interior,5.497842
R,16,22,interior,4.929132
R,16,23,interior,4.905045
R,16,24,interior,5.031886
R,16,25,interior,5.110581
R,16,26,interior,5.465251
R,16,27,interior,5.465378
R,16,28,interior,5.583177
R,16,29,interior,5.699150
R,16,30,interior,7.005768
R,16,31,interior,7.120232
R,16,32,interior,8.062537
R,16,33,boundary,10.267160
R,17,3,boundary,
R,17,4,interior,
R,17,5,interior,5.333343
R,17,6,interior,4.967246
R,17,7,interior,5.011541
R,17,8,interior,4.992302
R,17,9,interior,4.971851
R,17,10,interior,4.630699
R,17,11,interior,4.586800
R,17,12,interior,4.607643
R,17,13,interior,4.374203
R,17,14,interior,4.474312
R,17,15,interior,4.741211
R,17,16,interior,4.352279
R,17,17,interior,4.188976
R,17,18,interior,4.580354
R,17,19,interior,4.825796
R,17,20,interior,4.845763
R,17,21,interior,5.261816
R,17,22,interior,4.916234
R,17,23,interior,4.994832
R,17,24,interior,5.118929
R,17,25,interior,5.144057
R,17,26,interior,5.356632
R,17,27,interior,5.834382
R,17,28,interior,5.516200
R,17,29,interior,5.396124
R,17,30,interior,6.719610
R,17,31,interior,7.045390
R,17,32,interior,6.893991
R,17,33,interior,8.597526
R,17,34,boundary,
R,18,4,boundary,
R,18,5,interior,6.705324
R,18,6,interior,5.269341
R,18,7,interior,5.118198
R,18,8,interior,5.153422
R,18,9,interior,4.792372
R,18,10,interior,4.735872
R,18,11,interior,4.528480
R,18,12,interior,4.556045
R,18,13,interior,4.307385
R,18,14,interior,4.257940
R,18,15,interior,4.496915
R,18,16,interior,5.015204
R,18,17,interior,4.878262
R,18,18,interior,4.651037
R,18,19,interior,4.473023
R,18,20,interior,4.293061
R,18,21,interior,4.323830
R,18,22,interior,4.809112
R,18,23,interior,5.236122
R,18,24,interior,5.057257
R,18,25,interior,5.282036
R,18,26,interior,5.505423
R,18,27,interior,5.497451
R,18,28,interior,5.860141
R,18,29,interior,5.625421
R,18,30,interior,5.875685
R,18,31,interior,6.667679
R,18,32,interior,7.104110
R,18,33,interior,7.133425
R,18,34,boundary,8.059749
R,19,4,boundary,
R,19,5,interior,
R,19,6,interior,5.725458
R,19,7,interior,5.223780
R,19,8,interior,5.165569
R,19,9,interior,4.794061
R,19,10,interior,4.726867
R,19,11,interior,4.428926
R,19,12,interior,4.804240
R,19,13,interior,4.823129
R,19,14,interior,4.481518
R,19,15,interior,4.295879
R,19,16,interior,4.205587
R,19,17,interior,4.622329
R,19,18,interior,4.478688
R,19,19,interior,4.279471
R,19,20,interior,4.186415
R,19,21,interior,4.438489
R,19,22,interior,4.863805
R,19,23,interior,5.050147
R,19,24,interior,5.069927
R,19,25,interior,5.047286
R,19,26,interior,5.538618
R,19,27,interior,5.616126
R,19,28,interior,5.794624
R,19,29,interior,5.900372
R,19,30,interior,5.764652
R,19,31,interior,6.099170
R,19,32,interior,6.774657
R,19,33,interior,7.336254
R,19,34,interior,7.329373
R,19,35,boundary,
R,20,5,boundary,
R,20,6,interior,
R,20,7,interior,5.605282
R,20,8,interior,5.005643
R,20,9,interior,4.839768
R,20,10,interior,4.656891
R,20,11,interior,4.265645
R,20,12,interior,4.447605
R,20,13,interior,5.033764
R,20,14,interior,5.215977
R,20,15,interior,4.791658
R,20,16,interior,4.222213
R,20,17,interior,3.881767
R,20,18,interior,3.842969
R,20,19,interior,4.247204
R,20,20,interior,4.229528
R,20,21,interior,4.437810
R,20,22,interior,4.727301
R,20,23,interior,4.899304
R,20,24,interior,4.819577
R,20,25,interior,5.181891
R,20,26,interior,5.333809
R,20,27,interior,5.470855
R,20,28,interior,5.661219
R,20,29,interior,5.787969
R,20,30,interior,5.767198
R,20,31,interior,6.313103
R,20,32,interior,6.640567
R,20,33,interior,6.823222
R,20,34,interior,7.844510
R,20,35,boundary,8.359074
R,21,6,boundary,
R,21,7,interior,5.103247
R,21,8,interior,4.996404
R,21,9,interior,4.626831
R,21,10,interior,4.371739
R,21,11,interior,4.643594
R,21,12,interior,4.092166
R,21,13,interior,3.969139
R,21,14,interior,4.461685
R,21,15,interior,4.722213
R,21,16,interior,4.168758
R,21,17,interior,3.777897
R,21,18,interior,3.930198
R,21,19,interior,4.266869
R,21,20,interior,4.340557
R,21,21,interior,4.490908
R,21,22,interior,4.460671
R,21,23,interior,4.617845
R,21,24,interior,4.719295
R,21,25,interior,4.964736
R,21,26,interior,5.513670
R,21,27,interior,5.558940
R,21,28,interior,5.264230
R,21,29,interior,5.718129
R,21,30,interior,5.769742
R,21,31,interior,5.986032
R,21,32,interior,6.655620
R,21,33,interior,6.474044
R,21,34,interior,6.858590
R,21,35,interior,6.829591
R,21,36,boundary,
R,22,7,boundary,
R,22,8,interior,5.441084
R,22,9,interior,4.744306
R,22,10,interior,4.699152
R,22,11,interior,4.154870
R,22,12,interior,4.396525
R,22,13,interior,4.329496
R,22,14,interior,4.158293
R,22,15,interior,4.371881
R,22,16,interior,4.154669
R,22,17,interior,4.037506
R,22,18,interior,3.877120
R,22,19,interior,3.976291
R,22,20,interior,4.297555
R,22,21,interior,4.431920
R,22,22,interior,4.354956
R,22,23,interior,4.525612
R,22,24,interior,4.760136
R,22,25,interior,4.999466
R,22,26,interior,5.215564
R,22,27,interior,5.582902
R,22,28,interior,5.552999
R,22,29,interior,5.307571
R,22,30,interior,5.763636
R,22,31,interior,6.071713
R,22,32,interior,6.222842
R,22,33,interior,6.359466
R,22,34,interior,6.315636
R,22,35,interior,7.088610
R,22,36,boundary,8.149860
R,23,8,boundary,
R,23,9,interior,4.984000
R,23,10,interior,4.923388
R,23,11,interior,4.521471
R,23,12,interior,3.889855
R,23,13,interior,4.226166
R,23,14,interior,4.273038
R,23,15,interior,4.193152
R,23,16,interior,4.557470
R,23,17,interior,4.371010
R,23,18,interior,4.126026
R,23,19,interior,4.279681
R,23,20,interior,4.403070
R,23,21,interior,4.862054
R,23,22,interior,5.041676
R,23,23,interior,4.822301
R,23,24,interior,4.962561
R,23,25,interior,4.997350
R,23,26,interior,4.948242
R,23,27,interior,5.457320
R,23,28,interior,5.474238
R,23,29,interior,5.480137
R,23,30,interior,5.431337
R,23,31,interior,6.145534
R,23,32,interior,6.511518
R,23,33,interior,6.011185
R,23,34,interior,6.012633
R,23,35,interior,6.578383
R,23,36,interior,7.833052
R,23,37,boundary,
R,24,9,boundary,
R,24,10,interior,5.041060
R,24,11,interior,4.942754
R,24,12,interior,4.398307
R,24,13,interior,4.184681
R,24,14,interior,3.854408
R,24,15,interior,4.026222
R,24,16,interior,4.380415
R,24,17,interior,4.596248
R,24,18,interior,4.655629
R,24,19,interior,4.620285
R,24,20,interior,4.286656
R,24,21,interior,4.409497
R,24,22,interior,4.856112
R,24,23,interior,5.066740
R,24,24,interior,5.115460
R,24,25,interior,5.397748
R,24,26,interior,5.224631
R,24,27,interior,5.063464
R,24,28,interior,5.410097
R,24,29,interior,5.299779
R,24,30,interior,5.604408
R,24,31,interior,5.568822
R,24,32,interior,6.421320
R,24,33,interior,6.279826
R,24,34,interior,5.890358
R,24,35,interior,6.051865
R,24,36,interior,6.772284
R,24,37,boundary,8.007879
R,25,10,boundary,
R,25,11,interior,5.539880
R,25,12,interior,4.539136
R,25,13,interior,4.279753
R,25,14,interior,4.089425
R,25,15,interior,4.175844
R,25,16,interior,4.252590
R,25,17,interior,4.511469
R,25,18,interior,4.363452
R,25,19,interior,4.400066
R,25,20,interior,4.484520
R,25,21,interior,4.150904
R,25,22,interior,4.311860
R,25,23,interior,4.817676
R,25,24,interior,5.280647
R,25,25,interior,5.364161
R,25,26,interior,5.116286
R,25,27,interior,4.968082
R,25,28,interior,5.447871
R,25,29,interior,5.260227
R,25,30,interior,5.727304
R,25,31,interior,5.518013
R,25,32,interior,5.760367
R,25,33,interior,5.733433
R,25,34,interior,6.050283
R,25,35,interior,5.857003
R,25,36,interior,6.374714
R,25,37,interior,8.637161
R,25,38,boundary,
R,26,11,boundary,
R,26,12,interior,4.988910
R,26,13,interior,4.559597
R,26,14,interior,4.527116
R,26,15,interior,4.243298
R,26,16,interior,4.304868
R,26,17,interior,4.592823
R,26,18,interior,4.234361
R,26,19,interior,4.172701
R,26,20,interior,4.275961
R,26,21,interior,4.429513
R,26,22,interior,4.192587
R,26,23,interior,4.625663
R,26,24,interior,4.772661
R,26,25,interior,4.941342
R,26,26,interior,4.748328
R,26,27,interior,4.941265
R,26,28,interior,5.415129
R,26,29,interior,5.244097
R,26,30,interior,5.692996
R,26,31,interior,5.707279
R,26,32,interior,5.547348
R,26,33,interior,5.488295
R,26,34,interior,5.484454
R,26,35,interior,5.922465
R,26,36,interior,6.160729
R,26,37,interior,7.719842
R,26,38,boundary,9.602543
R,27,11,boundary,
R,27,12,boundary,
R,27,13,interior,4.959425
R,27,14,interior,5.055787
R,27,15,interior,4.527721
R,27,16,interior,4.195115
R,27,17,interior,4.354578
R,27,18,interior,4.465897
R,27,19,interior,4.052887
R,27,20,interior,4.081245
R,27,21,interior,4.283659
R,27,22,interior,4.479395
R,27,23,interior,4.518364
R,27,24,interior,4.544489
R,27,25,interior,4.525466
R,27,26,interior,4.661650
R,27,27,interior,5.051076
R,27,28,interior,5.319042
R,27,29,interior,4.988762
R,27,30,interior,5.328029
R,27,31,interior,5.594409
R,27,32,interior,5.442032
R,27,33,interior,5.385589
R,27,34,interior,5.802428
R,27,35,interior,5.534968
R,27,36,interior,6.215403
R,27,37,interior,7.179594
R,27,38,interior,8.900705
R,27,39,boundary,
R,28,13,boundary,
R,28,14,interior,5.534520
R,28,15,interior,5.022173
R,28,16,interior,4.214235
R,28,17,interior,4.300930
R,28,18,interior,4.754790
R,28,19,interior,4.779618
R,28,20,interior,4.832686
R,28,21,interior,4.679379
R,28,22,interior,4.452151
R,28,23,interior,4.711066
R,28,24,interior,4.935920
R,28,25,interior,5.023288
R,28,26,interior,4.976138
R,28,27,interior,5.241653
R,28,28,interior,5.354695
R,28,29,interior,4.736043
R,28,30,interior,5.028182
R,28,31,interior,5.607527
R,28,32,interior,5.393257
R,28,33,interior,5.188544
R,28,34,interior,5.649079
R,28,35,interior,5.680682
R,28,36,interior,6.016511
R,28,37,interior,7.062272
R,28,38,interior,9.594260
R,28,39,boundary,
R,29,14,boundary,
R,29,15,interior,5.540647
R,29,16,interior,4.536984
R,29,17,interior,4.157011
R,29,18,interior,4.421240
R,29,19,interior,4.834095
R,29,20,interior,4.857491
R,29,21,interior,4.837681
R,29,22,interior,4.678980
R,29,23,interior,4.547505
R,29,24,interior,4.727387
R,29,25,interior,5.009350
R,29,26,interior,5.016515
R,29,27,interior,5.153600
R,29,28,interior,5.028271
R,29,29,interior,4.763383
R,29,30,interior,5.023502
R,29,31,interior,5.262859
R,29,32,interior,5.107413
R,29,33,interior,5.280672
R,29,34,interior,5.853585
R,29,35,interior,5.668224
R,29,36,interior,5.753684
R,29,37,interior,6.681866
R,29,38,interior,7.886752
R,29,39,boundary,
R,30,15,boundary,
R,30,16,interior,5.013247
R,30,17,interior,4.236528
R,30,18,interior,4.199162
R,30,19,interior,4.346987
R,30,20,interior,4.391391
R,30,21,interior,4.688075
R,30,22,interior,4.856799
R,30,23,interior,4.863774
R,30,24,interior,4.640806
R,30,25,interior,4.695629
R,30,26,interior,4.773260
R,30,27,interior,4.778954
R,30,28,interior,4.802412
R,30,29,interior,4.821354
R,30,30,interior,4.774509
R,30,31,interior,5.070127
R,30,32,interior,4.771302
R,30,33,interior,5.210886
R,30,34,interior,5.977992
R,30,35,interior,6.113321
R,30,36,interior,6.014050
R,30,37,interior,6.812854
R,30,38,interior,7.631867
R,30,39,boundary,8.333808
R,31,16,boundary,
R,31,17,boundary,5.107911
R,31,18,interior,4.142678
R,31,19,interior,4.783295
R,31,20,interior,4.694297
R,31,21,interior,4.216929
R,31,22,interior,4.550403
R,31,23,interior,4.760431
R,31,24,interior,4.757626
R,31,25,interior,4.718260
R,31,26,interior,4.582794
R,31,27,interior,5.154614
R,31,28,interior,5.161494
R,31,29,interior,5.193192
R,31,30,interior,5.125371
R,31,31,interior,5.268814
R,31,32,interior,5.309601
R,31,33,interior,5.963299
R,31,34,interior,6.457997
R,31,35,interior,6.680704
R,31,36,interior,6.843934
R,31,37,interior,7.321096
R,31,38,boundary,7.987205
R,31,39,boundary,8.432960
R,32,18,boundary,
R,32,19,interior,5.462972
R,32,20,interior,5.916207
R,32,21,interior,5.245295
R,32,22,interior,4.751027
R,32,23,interior,4.866779
R,32,24,interior,4.766761
R,32,25,interior,4.645601
R,32,26,interior,4.731760
R,32,27,interior,5.107513
R,32,28,interior,4.914485
R,32,29,interior,5.178358
R,32,30,interior,4.998134
R,32,31,interior,4.886694
R,32,32,interior,5.004675
R,32,33,interior,5.786576
R,32,34,interior,6.166836
R,32,35,interior,6.534848
R,32,36,interior,6.982191
R,32,37,interior,7.324976
R,32,38,boundary,7.184292
R,33,19,boundary,
R,33,20,boundary,
R,33,21,interior,5.826417
R,33,22,interior,5.112701
R,33,23,interior,4.980118
R,33,24,interior,4.843248
R,33,25,interior,4.682795
R,33,26,interior,4.889264
R,33,27,interior,5.203788
R,33,28,interior,4.937198
R,33,29,interior,4.902425
R,33,30,interior,4.944551
R,33,31,interior,5.043543
R,33,32,interior,5.186790
R,33,33,interior,5.873880
R,33,34,interior,6.578426
R,33,35,interior,7.242940
R,33,36,interior,7.881707
R,33,37,interior,7.598825
R,33,38,boundary,6.904516
R,34,21,boundary,
R,34,22,boundary,5.223265
R,34,23,interior,5.547394
R,34,24,interior,5.438767
R,34,25,interior,5.169816
R,34,26,interior,5.123386
R,34,27,interior,5.314112
R,34,28,interior,5.326048
R,34,29,interior,5.062517
R,34,30,interior,4.996744
R,34,31,interior,4.988587
R,34,32,interior,5.539981
R,34,33,interior,6.510255
R,34,34,interior,7.583752
R,34,35,interior,7.848283
R,34,36,boundary,8.533049
R,34,37,boundary,8.843482
R,34,38,boundary,6.804149
R,35,23,boundary,
R,35,24,boundary,
R,35,25,boundary,5.666120
R,35,26,interior,5.929969
R,35,27,interior,5.404515
R,35,28,interior,5.462857
R,35,29,interior,5.368179
R,35,30,interior,5.707373
R,35,31,interior,5.737157
R,35,32,interior,5.997485
R,35,33,interior,6.949738
R,35,34,interior,7.863783
R,35,35,boundary,7.735519
R,35,36,boundary,9.136057
R,36,26,boundary,
R,36,27,boundary,5.688610
R,36,28,boundary,5.930609
R,36,29,boundary,5.330727
R,36,30,boundary,5.629720
R,36,31,boundary,5.729015
R,36,32,boundary,5.796215
R,36,33,boundary,6.888378
R,36,34,boundary,8.741165
R,36,35,boundary,7.685810
